{"tablet": {"laptop": 0.5197357535362244, "monitor": 0.3385508358478546, "printer": 0.31977105140686035, "keyboard": 0.4444058835506439, "lamp": 0.15549075603485107, "desk": 0.2615295350551605, "chair": 0.16249732673168182, "microwave": 0.12803076207637787, "blender": 0.19358234107494354, "bicycle": 0.09599296748638153, "basketball": 0.05528043210506439, "racquet": 0.0784539058804512, "cleats": -0.018314354121685028, "sneakers": 0.09837625175714493, "mug": 0.17239822447299957, "spatula": 0.10974110662937164, "cooler": 0.16775016486644745, "spoon": 0.20605099201202393, "backpack": 0.21011032164096832}, "laptop": {"tablet": 0.5197357535362244, "monitor": 0.4892217218875885, "printer": 0.4788113236427307, "keyboard": 0.5842702388763428, "lamp": 0.29476678371429443, "desk": 0.4267180263996124, "chair": 0.2609042823314667, "microwave": 0.23296988010406494, "blender": 0.2153792679309845, "bicycle": 0.2348042130470276, "basketball": 0.07931210100650787, "racquet": 0.17350126802921295, "cleats": 0.07920610159635544, "sneakers": 0.2268865555524826, "mug": 0.22964122891426086, "spatula": 0.014133527874946594, "cooler": 0.3692045509815216, "spoon": 0.06572233885526657, "backpack": 0.5054531097412109}, "monitor": {"tablet": 0.3385508358478546, "laptop": 0.4892217218875885, "printer": 0.3959176242351532, "keyboard": 0.41292503476142883, "lamp": 0.30445149540901184, "desk": 0.3849990963935852, "chair": 0.21706664562225342, "microwave": 0.26406559348106384, "blender": 0.12367420643568039, "bicycle": 0.19061428308486938, "basketball": 0.07892721146345139, "racquet": 0.04547297582030296, "cleats": 0.08976941555738449, "sneakers": 0.09547432512044907, "mug": 0.108819380402565, "spatula": 0.019548077136278152, "cooler": 0.2447088658809662, "spoon": 0.1000191941857338, "backpack": 0.1818712055683136}, "printer": {"tablet": 0.31977105140686035, "laptop": 0.4788113236427307, "monitor": 0.3959176242351532, "keyboard": 0.39209622144699097, "lamp": 0.2518251836299896, "desk": 0.3305705785751343, "chair": 0.15087872743606567, "microwave": 0.22596611082553864, "blender": 0.24898749589920044, "bicycle": 0.16813352704048157, "basketball": 0.04929158464074135, "racquet": 0.0415068119764328, "cleats": 0.02733265422284603, "sneakers": 0.11318552494049072, "mug": 0.20203064382076263, "spatula": 0.07241843640804291, "cooler": 0.1901719570159912, "spoon": 0.04072887822985649, "backpack": 0.20374742150306702}, "keyboard": {"tablet": 0.4444058835506439, "laptop": 0.5842702388763428, "monitor": 0.41292503476142883, "printer": 0.39209622144699097, "lamp": 0.22210270166397095, "desk": 0.3874261677265167, "chair": 0.23770621418952942, "microwave": 0.18986694514751434, "blender": 0.21497324109077454, "bicycle": 0.13256855309009552, "basketball": 0.07374154776334763, "racquet": 0.15423473715782166, "cleats": 0.1017732247710228, "sneakers": 0.10525117814540863, "mug": 0.14261958003044128, "spatula": 0.14112278819084167, "cooler": 0.22083647549152374, "spoon": 0.14996877312660217, "backpack": 0.22529330849647522}, "lamp": {"tablet": 0.15549075603485107, "laptop": 0.29476678371429443, "monitor": 0.30445149540901184, "printer": 0.2518251836299896, "keyboard": 0.22210270166397095, "desk": 0.4031915068626404, "chair": 0.37546294927597046, "microwave": 0.3259979784488678, "blender": 0.19171607494354248, "bicycle": 0.276342511177063, "basketball": 0.04392452538013458, "racquet": 0.07163646817207336, "cleats": 0.12634167075157166, "sneakers": 0.11668727546930313, "mug": 0.2720760107040405, "spatula": 0.10324477404356003, "cooler": 0.2840318977832794, "spoon": 0.22538252174854279, "backpack": 0.1875615268945694}, "desk": {"tablet": 0.2615295350551605, "laptop": 0.4267180263996124, "monitor": 0.3849990963935852, "printer": 0.3305705785751343, "keyboard": 0.3874261677265167, "lamp": 0.4031915068626404, "chair": 0.6317023634910583, "microwave": 0.3165859580039978, "blender": 0.13027118146419525, "bicycle": 0.27372026443481445, "basketball": 0.13523690402507782, "racquet": 0.10784511268138885, "cleats": 0.08935638517141342, "sneakers": 0.14924047887325287, "mug": 0.3527252674102783, "spatula": 0.14918038249015808, "cooler": 0.2505074143409729, "spoon": 0.25489845871925354, "backpack": 0.31878337264060974}, "chair": {"tablet": 0.16249732673168182, "laptop": 0.2609042823314667, "monitor": 0.21706664562225342, "printer": 0.15087872743606567, "keyboard": 0.23770621418952942, "lamp": 0.37546294927597046, "desk": 0.6317023634910583, "microwave": 0.22550980746746063, "blender": 0.13240164518356323, "bicycle": 0.3194732964038849, "basketball": 0.21048004925251007, "racquet": 0.14653095602989197, "cleats": 0.1359848976135254, "sneakers": 0.19042083621025085, "mug": 0.2939003109931946, "spatula": 0.1369771510362625, "cooler": 0.19018998742103577, "spoon": 0.2692883610725403, "backpack": 0.32150495052337646}, "microwave": {"tablet": 0.12803076207637787, "laptop": 0.23296988010406494, "monitor": 0.26406559348106384, "printer": 0.22596611082553864, "keyboard": 0.18986694514751434, "lamp": 0.3259979784488678, "desk": 0.3165859580039978, "chair": 0.22550980746746063, "blender": 0.4605604112148285, "bicycle": 0.11587243527173996, "basketball": 0.03233141079545021, "racquet": 0.07604804635047913, "cleats": 0.07223965227603912, "sneakers": 0.026191066950559616, "mug": 0.2981596887111664, "spatula": 0.3888057470321655, "cooler": 0.3306560218334198, "spoon": 0.3637264668941498, "backpack": 0.1798142045736313}, "blender": {"tablet": 0.19358234107494354, "laptop": 0.2153792679309845, "monitor": 0.12367420643568039, "printer": 0.24898749589920044, "keyboard": 0.21497324109077454, "lamp": 0.19171607494354248, "desk": 0.13027118146419525, "chair": 0.13240164518356323, "microwave": 0.4605604112148285, "bicycle": 0.12028104811906815, "basketball": 0.012637981213629246, "racquet": 0.14350207149982452, "cleats": 0.07569441199302673, "sneakers": 0.08170630782842636, "mug": 0.33376702666282654, "spatula": 0.49607792496681213, "cooler": 0.28236690163612366, "spoon": 0.490187406539917, "backpack": 0.1907486766576767}, "bicycle": {"tablet": 0.09599296748638153, "laptop": 0.2348042130470276, "monitor": 0.19061428308486938, "printer": 0.16813352704048157, "keyboard": 0.13256855309009552, "lamp": 0.276342511177063, "desk": 0.27372026443481445, "chair": 0.3194732964038849, "microwave": 0.11587243527173996, "blender": 0.12028104811906815, "basketball": 0.2510231137275696, "racquet": 0.2330520749092102, "cleats": 0.3115135431289673, "sneakers": 0.29148051142692566, "mug": 0.22125762701034546, "spatula": 0.08026345074176788, "cooler": 0.23210836946964264, "spoon": 0.14777621626853943, "backpack": 0.40352004766464233}, "basketball": {"tablet": 0.05528043210506439, "laptop": 0.07931210100650787, "monitor": 0.07892721146345139, "printer": 0.04929158464074135, "keyboard": 0.07374154776334763, "lamp": 0.04392452538013458, "desk": 0.13523690402507782, "chair": 0.21048004925251007, "microwave": 0.03233141079545021, "blender": 0.012637981213629246, "bicycle": 0.2510231137275696, "racquet": 0.24323798716068268, "cleats": 0.36069807410240173, "sneakers": 0.40355345606803894, "mug": 0.17275619506835938, "spatula": -0.006348858121782541, "cooler": 0.14900682866573334, "spoon": 0.07110198587179184, "backpack": 0.2089613378047943}, "racquet": {"tablet": 0.0784539058804512, "laptop": 0.17350126802921295, "monitor": 0.04547297582030296, "printer": 0.0415068119764328, "keyboard": 0.15423473715782166, "lamp": 0.07163646817207336, "desk": 0.10784511268138885, "chair": 0.14653095602989197, "microwave": 0.07604804635047913, "blender": 0.14350207149982452, "bicycle": 0.2330520749092102, "basketball": 0.24323798716068268, "cleats": 0.34540483355522156, "sneakers": 0.191640242934227, "mug": 0.08214931190013885, "spatula": 0.18327368795871735, "cooler": 0.13070295751094818, "spoon": 0.18108196556568146, "backpack": 0.2451351284980774}, "cleats": {"tablet": -0.018314354121685028, "laptop": 0.07920610159635544, "monitor": 0.08976941555738449,